{"cameraMode":{"drawMode":0,"name":"Shaded","section":"Shading Mode"},"sceneLighting":false,"audioPlay":false,"sceneViewState":{"m_AlwaysRefresh":false,"showFog":true,"showSkybox":false,"showFlares":true,"showImageEffects":true,"showParticleSystems":true,"showVisualEffectGraphs":true,"m_FxEnabled":true},"in2DMode":false,"pivot":{"x":-2.2973146438598635,"y":1.415330171585083,"z":-19.04706573486328},"rotation":{"x":0.1799081265926361,"y":-0.007377546280622482,"z":0.001349333906546235,"w":0.9836546182632446},"size":2.0053834915161135,"orthographic":true}