{"cameraMode":{"drawMode":0,"name":"Shaded","section":"Shading Mode"},"sceneLighting":false,"audioPlay":false,"sceneViewState":{"m_AlwaysRefresh":false,"showFog":true,"showSkybox":false,"showFlares":true,"showImageEffects":true,"showParticleSystems":true,"showVisualEffectGraphs":true,"m_FxEnabled":true},"in2DMode":false,"pivot":{"x":-11.932559967041016,"y":1.2774382829666138,"z":-8.076186180114746},"rotation":{"x":0.10110406577587128,"y":-0.6242178678512573,"z":0.08192605525255203,"w":0.7703381180763245},"size":21.807680130004884,"orthographic":false}