{"cameraMode":{"drawMode":0,"name":"Shaded","section":"Shading Mode"},"sceneLighting":false,"audioPlay":false,"sceneViewState":{"m_AlwaysRefresh":false,"showFog":true,"showSkybox":false,"showFlares":true,"showImageEffects":true,"showParticleSystems":true,"showVisualEffectGraphs":true,"m_FxEnabled":true},"in2DMode":false,"pivot":{"x":-1.3070322275161744,"y":14.571000099182129,"z":-3.9639997482299806},"rotation":{"x":0.3625750243663788,"y":0.04052160307765007,"z":-0.015782004222273828,"w":0.9309407472610474},"size":0.8660253286361694,"orthographic":false}